,TAG,UNITE,DESCRIPTION,MIN,MAX,TYPE
0,C0000000c-A005-12-kVA L1-JTVA,kVA,Poste de garde  L1 puissance active,,,
1,C0000000c-A005-12-kVA L2-JTVA,kVA,Poste de garde  L2 puissance active,,,
2,C0000000c-A005-12-kVA L3-JTVA,kVA,Poste de garde  L3 puissance active,,,
3,C0000000c-A005-12-kVA sys-JTVA,kVA,Poste de garde  puissance active,,,
4,C0000000c-A005-12-kW L1-JTW,kW,Poste de garde  L1 puissance,,,
5,C0000000c-A005-12-kW L2-JTW,kW,Poste de garde  L2 puissance,,,
6,C0000000c-A005-12-kW L3-JTW,kW,Poste de garde  L3 puissance,,,
7,C0000000c-A005-12-kW dmd-JTW,kW,Poste de garde  puissance demandée,,,
8,C0000000c-A005-12-kW sys-JTW,kW,Poste de garde  puissance,,,
9,C0000000c-A005-12-kWh (-)-JTWH,kWh,Poste de garde  quezaco2,,,
10,C0000000c-A005-12-kWh L1-JTWH,kWh,Poste de garde  L1 energie,,,
11,C0000000c-A005-12-kWh L2-JTWH,kWh,Poste de garde  L2 energie,,,
12,C0000000c-A005-12-kWh L3-JTWH,kWh,Poste de garde  L3 energie,,,
13,C0000000c-A005-12-kWh-JTWH,kWh,Poste de garde  energie,,,
14,C0000000c-A005-12-kvar L1-JTVar,kvar,Poste de garde  L1 puissance reactive,,,
15,C0000000c-A005-12-kvar L2-JTVar,kvar,Poste de garde  L2 puissance reactive,,,
16,C0000000c-A005-12-kvar L3-JTVar,kvar,Poste de garde  L3 puissance reactive,,,
17,C0000000c-A005-12-kvar sys-JTVar,kvar,Poste de garde  puissance reactive,,,
18,C0000000c-A005-12-kWh (-)-JTWH,kWh,Poste de garde  quezaco3,,,
19,C0000000c-A005-12-kvarh-JTVarH,kvarh,Poste de garde  quezaco4,,,
20,C0000000e-B002-14-kVA L1-JTVA,kVA,Auto passion L1 puissance active,,,
21,C0000000e-B002-14-kVA L2-JTVA,kVA,Auto passion L2 puissance active,,,
22,C0000000e-B002-14-kVA L3-JTVA,kVA,Auto passion L3 puissance active,,,
23,C0000000e-B002-14-kVA sys-JTVA,kVA,Auto passion puissance active,,,
24,C0000000e-B002-14-kW L1-JTW,kW,Auto passion L1 puissance,,,
25,C0000000e-B002-14-kW L2-JTW,kW,Auto passion L2 puissance,,,
26,C0000000e-B002-14-kW L3-JTW,kW,Auto passion L3 puissance,,,
27,C0000000e-B002-14-kW dmd-JTW,kW,Auto passion puissance demandée,,,
28,C0000000e-B002-14-kW sys-JTW,kW,Auto passion puissance,,,
29,C0000000e-B002-14-kWh (-)-JTWH,kWh,Auto passion quezaco2,,,
30,C0000000e-B002-14-kWh L1-JTWH,kWh,Auto passion L1 energie,,,
31,C0000000e-B002-14-kWh L2-JTWH,kWh,Auto passion L2 energie,,,
32,C0000000e-B002-14-kWh L3-JTWH,kWh,Auto passion L3 energie,,,
33,C0000000e-B002-14-kWh-JTWH,kWh,Auto passion energie,,,
34,C0000000e-B002-14-kvar L1-JTVar,kvar,Auto passion L1 puissance reactive,,,
35,C0000000e-B002-14-kvar L2-JTVar,kvar,Auto passion L2 puissance reactive,,,
36,C0000000e-B002-14-kvar L3-JTVar,kvar,Auto passion L3 puissance reactive,,,
37,C0000000e-B002-14-kvar sys-JTVar,kvar,Auto passion puissance reactive,,,
38,C0000000e-B002-14-kWh (-)-JTWH,kWh,Auto passion quezaco3,,,
39,C0000000e-B002-14-kvarh-JTVarH,kvarh,Auto passion quezaco4,,,
40,C0000000f-B004-15-kVA L1-JTVA,kVA,local W (Local à papier derrière Sylfen) + local Antoine L1 puissance active,,,
41,C0000000f-B004-15-kVA L2-JTVA,kVA,local W (Local à papier derrière Sylfen) + local Antoine L2 puissance active,,,
42,C0000000f-B004-15-kVA L3-JTVA,kVA,local W (Local à papier derrière Sylfen) + local Antoine L3 puissance active,,,
43,C0000000f-B004-15-kVA sys-JTVA,kVA,local W (Local à papier derrière Sylfen) + local Antoine puissance active,,,
44,C0000000f-B004-15-kW L1-JTW,kW,local W (Local à papier derrière Sylfen) + local Antoine L1 puissance,,,
45,C0000000f-B004-15-kW L2-JTW,kW,local W (Local à papier derrière Sylfen) + local Antoine L2 puissance,,,
46,C0000000f-B004-15-kW L3-JTW,kW,local W (Local à papier derrière Sylfen) + local Antoine L3 puissance,,,
47,C0000000f-B004-15-kW dmd-JTW,kW,local W (Local à papier derrière Sylfen) + local Antoine puissance demandée,,,
48,C0000000f-B004-15-kW sys-JTW,kW,local W (Local à papier derrière Sylfen) + local Antoine puissance,,,
49,C0000000f-B004-15-kWh (-)-JTWH,kWh,local W (Local à papier derrière Sylfen) + local Antoine quezaco2,,,
50,C0000000f-B004-15-kWh L1-JTWH,kWh,local W (Local à papier derrière Sylfen) + local Antoine L1 energie,,,
51,C0000000f-B004-15-kWh L2-JTWH,kWh,local W (Local à papier derrière Sylfen) + local Antoine L2 energie,,,
52,C0000000f-B004-15-kWh L3-JTWH,kWh,local W (Local à papier derrière Sylfen) + local Antoine L3 energie,,,
53,C0000000f-B004-15-kWh-JTWH,kWh,local W (Local à papier derrière Sylfen) + local Antoine energie,,,
54,C0000000f-B004-15-kvar L1-JTVar,kvar,local W (Local à papier derrière Sylfen) + local Antoine L1 puissance reactive,,,
55,C0000000f-B004-15-kvar L2-JTVar,kvar,local W (Local à papier derrière Sylfen) + local Antoine L2 puissance reactive,,,
56,C0000000f-B004-15-kvar L3-JTVar,kvar,local W (Local à papier derrière Sylfen) + local Antoine L3 puissance reactive,,,
57,C0000000f-B004-15-kvar sys-JTVar,kvar,local W (Local à papier derrière Sylfen) + local Antoine puissance reactive,,,
58,C0000000f-B004-15-kWh (-)-JTWH,kWh,local W (Local à papier derrière Sylfen) + local Antoine quezaco3,,,
59,C0000000f-B004-15-kvarh-JTVarH,kvarh,local W (Local à papier derrière Sylfen) + local Antoine quezaco4,,,
60,C0000000d-B008-13-kVA L1-JTVA,kVA,Atelier mécanique Cheylas L1 puissance active,,,
61,C0000000d-B008-13-kVA L2-JTVA,kVA,Atelier mécanique Cheylas L2 puissance active,,,
62,C0000000d-B008-13-kVA L3-JTVA,kVA,Atelier mécanique Cheylas L3 puissance active,,,
63,C0000000d-B008-13-kVA sys-JTVA,kVA,Atelier mécanique Cheylas puissance active,,,
64,C0000000d-B008-13-kW L1-JTW,kW,Atelier mécanique Cheylas L1 puissance,,,
65,C0000000d-B008-13-kW L2-JTW,kW,Atelier mécanique Cheylas L2 puissance,,,
66,C0000000d-B008-13-kW L3-JTW,kW,Atelier mécanique Cheylas L3 puissance,,,
67,C0000000d-B008-13-kW dmd-JTW,kW,Atelier mécanique Cheylas puissance demandée,,,
68,C0000000d-B008-13-kW sys-JTW,kW,Atelier mécanique Cheylas puissance,,,
69,C0000000d-B008-13-kWh (-)-JTWH,kWh,Atelier mécanique Cheylas quezaco2,,,
70,C0000000d-B008-13-kWh L1-JTWH,kWh,Atelier mécanique Cheylas L1 energie,,,
71,C0000000d-B008-13-kWh L2-JTWH,kWh,Atelier mécanique Cheylas L2 energie,,,
72,C0000000d-B008-13-kWh L3-JTWH,kWh,Atelier mécanique Cheylas L3 energie,,,
73,C0000000d-B008-13-kWh-JTWH,kWh,Atelier mécanique Cheylas energie,,,
74,C0000000d-B008-13-kvar L1-JTVar,kvar,Atelier mécanique Cheylas L1 puissance reactive,,,
75,C0000000d-B008-13-kvar L2-JTVar,kvar,Atelier mécanique Cheylas L2 puissance reactive,,,
76,C0000000d-B008-13-kvar L3-JTVar,kvar,Atelier mécanique Cheylas L3 puissance reactive,,,
77,C0000000d-B008-13-kvar sys-JTVar,kvar,Atelier mécanique Cheylas puissance reactive,,,
78,C0000000d-B008-13-kWh (-)-JTWH,kWh,Atelier mécanique Cheylas quezaco3,,,
79,C0000000d-B008-13-kvarh-JTVarH,kvarh,Atelier mécanique Cheylas quezaco4,,,
80,C00000001-A003-1-kVA L1-JTVA,kVA,Altitude commerciale (la conserverie) L1 puissance active,,,
81,C00000001-A003-1-kVA L2-JTVA,kVA,Altitude commerciale (la conserverie) L2 puissance active,,,
82,C00000001-A003-1-kVA L3-JTVA,kVA,Altitude commerciale (la conserverie) L3 puissance active,,,
83,C00000001-A003-1-kVA sys-JTVA,kVA,Altitude commerciale (la conserverie) puissance active,,,
84,C00000001-A003-1-kW L1-JTW,kW,Altitude commerciale (la conserverie) L1 puissance,,,
85,C00000001-A003-1-kW L2-JTW,kW,Altitude commerciale (la conserverie) L2 puissance,,,
86,C00000001-A003-1-kW L3-JTW,kW,Altitude commerciale (la conserverie) L3 puissance,,,
87,C00000001-A003-1-kW dmd-JTW,kW,Altitude commerciale (la conserverie) puissance demandée,,,
88,C00000001-A003-1-kW sys-JTW,kW,Altitude commerciale (la conserverie) puissance,,,
89,C00000001-A003-1-kWh (-)-JTWH,kWh,Altitude commerciale (la conserverie) quezaco2,,,
90,C00000001-A003-1-kWh L1-JTWH,kWh,Altitude commerciale (la conserverie) L1 energie,,,
91,C00000001-A003-1-kWh L2-JTWH,kWh,Altitude commerciale (la conserverie) L2 energie,,,
92,C00000001-A003-1-kWh L3-JTWH,kWh,Altitude commerciale (la conserverie) L3 energie,,,
93,C00000001-A003-1-kWh-JTWH,kWh,Altitude commerciale (la conserverie) energie,,,
94,C00000001-A003-1-kvar L1-JTVar,kvar,Altitude commerciale (la conserverie) L1 puissance reactive,,,
95,C00000001-A003-1-kvar L2-JTVar,kvar,Altitude commerciale (la conserverie) L2 puissance reactive,,,
96,C00000001-A003-1-kvar L3-JTVar,kvar,Altitude commerciale (la conserverie) L3 puissance reactive,,,
97,C00000001-A003-1-kvar sys-JTVar,kvar,Altitude commerciale (la conserverie) puissance reactive,,,
98,C00000001-A003-1-kWh (-)-JTWH,kWh,Altitude commerciale (la conserverie) quezaco3,,,
99,C00000001-A003-1-kvarh-JTVarH,kvarh,Altitude commerciale (la conserverie) quezaco4,,,
100,C00000002-B007-2-kVA L1-JTVA,kVA,Sibuet atelier (hall à billettes) L1 puissance active,,,
101,C00000002-B007-2-kVA L2-JTVA,kVA,Sibuet atelier (hall à billettes) L2 puissance active,,,
102,C00000002-B007-2-kVA L3-JTVA,kVA,Sibuet atelier (hall à billettes) L3 puissance active,,,
103,C00000002-B007-2-kVA sys-JTVA,kVA,Sibuet atelier (hall à billettes) puissance active,,,
104,C00000002-B007-2-kW L1-JTW,kW,Sibuet atelier (hall à billettes) L1 puissance,,,
105,C00000002-B007-2-kW L2-JTW,kW,Sibuet atelier (hall à billettes) L2 puissance,,,
106,C00000002-B007-2-kW L3-JTW,kW,Sibuet atelier (hall à billettes) L3 puissance,,,
107,C00000002-B007-2-kW dmd-JTW,kW,Sibuet atelier (hall à billettes) puissance demandée,,,
108,C00000002-B007-2-kW sys-JTW,kW,Sibuet atelier (hall à billettes) puissance,,,
109,C00000002-B007-2-kWh (-)-JTWH,kWh,Sibuet atelier (hall à billettes) quezaco2,,,
110,C00000002-B007-2-kWh L1-JTWH,kWh,Sibuet atelier (hall à billettes) L1 energie,,,
111,C00000002-B007-2-kWh L2-JTWH,kWh,Sibuet atelier (hall à billettes) L2 energie,,,
112,C00000002-B007-2-kWh L3-JTWH,kWh,Sibuet atelier (hall à billettes) L3 energie,,,
113,C00000002-B007-2-kWh-JTWH,kWh,Sibuet atelier (hall à billettes) energie,,,
114,C00000002-B007-2-kvar L1-JTVar,kvar,Sibuet atelier (hall à billettes) L1 puissance reactive,,,
115,C00000002-B007-2-kvar L2-JTVar,kvar,Sibuet atelier (hall à billettes) L2 puissance reactive,,,
116,C00000002-B007-2-kvar L3-JTVar,kvar,Sibuet atelier (hall à billettes) L3 puissance reactive,,,
117,C00000002-B007-2-kvar sys-JTVar,kvar,Sibuet atelier (hall à billettes) puissance reactive,,,
118,C00000002-B007-2-kWh (-)-JTWH,kWh,Sibuet atelier (hall à billettes) quezaco3,,,
119,C00000002-B007-2-kvarh-JTVarH,kvarh,Sibuet atelier (hall à billettes) quezaco4,,,
120,C00000003-B001-3-kVA L1-JTVA,kVA,Sylfen L1 puissance active,,,
121,C00000003-B001-3-kVA L2-JTVA,kVA,Sylfen L2 puissance active,,,
122,C00000003-B001-3-kVA L3-JTVA,kVA,Sylfen L3 puissance active,,,
123,C00000003-B001-3-kVA sys-JTVA,kVA,Sylfen puissance active,,,
124,C00000003-B001-3-kW L1-JTW,kW,Sylfen L1 puissance,,,
125,C00000003-B001-3-kW L2-JTW,kW,Sylfen L2 puissance,,,
126,C00000003-B001-3-kW L3-JTW,kW,Sylfen L3 puissance,,,
127,C00000003-B001-3-kW dmd-JTW,kW,Sylfen puissance demandée,,,
128,C00000003-B001-3-kW sys-JTW,kW,Sylfen puissance,,,
129,C00000003-B001-3-kWh (-)-JTWH,kWh,Sylfen quezaco2,,,
130,C00000003-B001-3-kWh L1-JTWH,kWh,Sylfen L1 energie,,,
131,C00000003-B001-3-kWh L2-JTWH,kWh,Sylfen L2 energie,,,
132,C00000003-B001-3-kWh L3-JTWH,kWh,Sylfen L3 energie,,,
133,C00000003-B001-3-kWh-JTWH,kWh,Sylfen energie,,,
134,C00000003-B001-3-kvar L1-JTVar,kvar,Sylfen L1 puissance reactive,,,
135,C00000003-B001-3-kvar L2-JTVar,kvar,Sylfen L2 puissance reactive,,,
136,C00000003-B001-3-kvar L3-JTVar,kvar,Sylfen L3 puissance reactive,,,
137,C00000003-B001-3-kvar sys-JTVar,kvar,Sylfen puissance reactive,,,
138,C00000003-B001-3-kWh (-)-JTWH,kWh,Sylfen quezaco3,,,
139,C00000003-B001-3-kvarh-JTVarH,kvarh,Sylfen quezaco4,,,
140,C00000004-A002-4-kVA L1-JTVA,kVA,Bureaux et communs administratif centraux rez de chaussée L1 puissance active,,,
141,C00000004-A002-4-kVA L2-JTVA,kVA,Bureaux et communs administratif centraux rez de chaussée L2 puissance active,,,
142,C00000004-A002-4-kVA L3-JTVA,kVA,Bureaux et communs administratif centraux rez de chaussée L3 puissance active,,,
143,C00000004-A002-4-kVA sys-JTVA,kVA,Bureaux et communs administratif centraux rez de chaussée puissance active,,,
144,C00000004-A002-4-kW L1-JTW,kW,Bureaux et communs administratif centraux rez de chaussée L1 puissance,,,
145,C00000004-A002-4-kW L2-JTW,kW,Bureaux et communs administratif centraux rez de chaussée L2 puissance,,,
146,C00000004-A002-4-kW L3-JTW,kW,Bureaux et communs administratif centraux rez de chaussée L3 puissance,,,
147,C00000004-A002-4-kW dmd-JTW,kW,Bureaux et communs administratif centraux rez de chaussée puissance demandée,,,
148,C00000004-A002-4-kW sys-JTW,kW,Bureaux et communs administratif centraux rez de chaussée puissance,,,
149,C00000004-A002-4-kWh (-)-JTWH,kWh,Bureaux et communs administratif centraux rez de chaussée quezaco2,,,
150,C00000004-A002-4-kWh L1-JTWH,kWh,Bureaux et communs administratif centraux rez de chaussée L1 energie,,,
151,C00000004-A002-4-kWh L2-JTWH,kWh,Bureaux et communs administratif centraux rez de chaussée L2 energie,,,
152,C00000004-A002-4-kWh L3-JTWH,kWh,Bureaux et communs administratif centraux rez de chaussée L3 energie,,,
153,C00000004-A002-4-kWh-JTWH,kWh,Bureaux et communs administratif centraux rez de chaussée energie,,,
154,C00000004-A002-4-kvar L1-JTVar,kvar,Bureaux et communs administratif centraux rez de chaussée L1 puissance reactive,,,
155,C00000004-A002-4-kvar L2-JTVar,kvar,Bureaux et communs administratif centraux rez de chaussée L2 puissance reactive,,,
156,C00000004-A002-4-kvar L3-JTVar,kvar,Bureaux et communs administratif centraux rez de chaussée L3 puissance reactive,,,
157,C00000004-A002-4-kvar sys-JTVar,kvar,Bureaux et communs administratif centraux rez de chaussée puissance reactive,,,
158,C00000004-A002-4-kWh (-)-JTWH,kWh,Bureaux et communs administratif centraux rez de chaussée quezaco3,,,
159,C00000004-A002-4-kvarh-JTVarH,kvarh,Bureaux et communs administratif centraux rez de chaussée quezaco4,,,
160,C00000005-A001-5-kVA L1-JTVA,kVA,"coffret ""local pompes"" L1 puissance active",,,
161,C00000005-A001-5-kVA L2-JTVA,kVA,"coffret ""local pompes"" L2 puissance active",,,
162,C00000005-A001-5-kVA L3-JTVA,kVA,"coffret ""local pompes"" L3 puissance active",,,
163,C00000005-A001-5-kVA sys-JTVA,kVA,"coffret ""local pompes"" puissance active",,,
164,C00000005-A001-5-kW L1-JTW,kW,"coffret ""local pompes"" L1 puissance",,,
165,C00000005-A001-5-kW L2-JTW,kW,"coffret ""local pompes"" L2 puissance",,,
166,C00000005-A001-5-kW L3-JTW,kW,"coffret ""local pompes"" L3 puissance",,,
167,C00000005-A001-5-kW dmd-JTW,kW,"coffret ""local pompes"" puissance demandée",,,
168,C00000005-A001-5-kW sys-JTW,kW,"coffret ""local pompes"" puissance",,,
169,C00000005-A001-5-kWh (-)-JTWH,kWh,"coffret ""local pompes"" quezaco2",,,
170,C00000005-A001-5-kWh L1-JTWH,kWh,"coffret ""local pompes"" L1 energie",,,
171,C00000005-A001-5-kWh L2-JTWH,kWh,"coffret ""local pompes"" L2 energie",,,
172,C00000005-A001-5-kWh L3-JTWH,kWh,"coffret ""local pompes"" L3 energie",,,
173,C00000005-A001-5-kWh-JTWH,kWh,"coffret ""local pompes"" energie",,,
174,C00000005-A001-5-kvar L1-JTVar,kvar,"coffret ""local pompes"" L1 puissance reactive",,,
175,C00000005-A001-5-kvar L2-JTVar,kvar,"coffret ""local pompes"" L2 puissance reactive",,,
176,C00000005-A001-5-kvar L3-JTVar,kvar,"coffret ""local pompes"" L3 puissance reactive",,,
177,C00000005-A001-5-kvar sys-JTVar,kvar,"coffret ""local pompes"" puissance reactive",,,
178,C00000005-A001-5-kWh (-)-JTWH,kWh,"coffret ""local pompes"" quezaco3",,,
179,C00000005-A001-5-kvarh-JTVarH,kvarh,"coffret ""local pompes"" quezaco4",,,
180,C00000006-B006-6-kVA L1-JTVA,kVA,Carrossier L1 puissance active,,,
181,C00000006-B006-6-kVA L2-JTVA,kVA,Carrossier L2 puissance active,,,
182,C00000006-B006-6-kVA L3-JTVA,kVA,Carrossier L3 puissance active,,,
183,C00000006-B006-6-kVA sys-JTVA,kVA,Carrossier puissance active,,,
184,C00000006-B006-6-kW L1-JTW,kW,Carrossier L1 puissance,,,
185,C00000006-B006-6-kW L2-JTW,kW,Carrossier L2 puissance,,,
186,C00000006-B006-6-kW L3-JTW,kW,Carrossier L3 puissance,,,
187,C00000006-B006-6-kW dmd-JTW,kW,Carrossier puissance demandée,,,
188,C00000006-B006-6-kW sys-JTW,kW,Carrossier puissance,,,
189,C00000006-B006-6-kWh (-)-JTWH,kWh,Carrossier quezaco2,,,
190,C00000006-B006-6-kWh L1-JTWH,kWh,Carrossier L1 energie,,,
191,C00000006-B006-6-kWh L2-JTWH,kWh,Carrossier L2 energie,,,
192,C00000006-B006-6-kWh L3-JTWH,kWh,Carrossier L3 energie,,,
193,C00000006-B006-6-kWh-JTWH,kWh,Carrossier energie,,,
194,C00000006-B006-6-kvar L1-JTVar,kvar,Carrossier L1 puissance reactive,,,
195,C00000006-B006-6-kvar L2-JTVar,kvar,Carrossier L2 puissance reactive,,,
196,C00000006-B006-6-kvar L3-JTVar,kvar,Carrossier L3 puissance reactive,,,
197,C00000006-B006-6-kvar sys-JTVar,kvar,Carrossier puissance reactive,,,
198,C00000006-B006-6-kWh (-)-JTWH,kWh,Carrossier quezaco3,,,
199,C00000006-B006-6-kvarh-JTVarH,kvarh,Carrossier quezaco4,,,
200,C00000007-B005-7-kVA L1-JTVA,kVA,Cascade L1 puissance active,,,
201,C00000007-B005-7-kVA L2-JTVA,kVA,Cascade L2 puissance active,,,
202,C00000007-B005-7-kVA L3-JTVA,kVA,Cascade L3 puissance active,,,
203,C00000007-B005-7-kVA sys-JTVA,kVA,Cascade puissance active,,,
204,C00000007-B005-7-kW L1-JTW,kW,Cascade L1 puissance,,,
205,C00000007-B005-7-kW L2-JTW,kW,Cascade L2 puissance,,,
206,C00000007-B005-7-kW L3-JTW,kW,Cascade L3 puissance,,,
207,C00000007-B005-7-kW dmd-JTW,kW,Cascade puissance demandée,,,
208,C00000007-B005-7-kW sys-JTW,kW,Cascade puissance,,,
209,C00000007-B005-7-kWh (-)-JTWH,kWh,Cascade quezaco2,,,
210,C00000007-B005-7-kWh L1-JTWH,kWh,Cascade L1 energie,,,
211,C00000007-B005-7-kWh L2-JTWH,kWh,Cascade L2 energie,,,
212,C00000007-B005-7-kWh L3-JTWH,kWh,Cascade L3 energie,,,
213,C00000007-B005-7-kWh-JTWH,kWh,Cascade energie,,,
214,C00000007-B005-7-kvar L1-JTVar,kvar,Cascade L1 puissance reactive,,,
215,C00000007-B005-7-kvar L2-JTVar,kvar,Cascade L2 puissance reactive,,,
216,C00000007-B005-7-kvar L3-JTVar,kvar,Cascade L3 puissance reactive,,,
217,C00000007-B005-7-kvar sys-JTVar,kvar,Cascade puissance reactive,,,
218,C00000007-B005-7-kWh (-)-JTWH,kWh,Cascade quezaco3,,,
219,C00000007-B005-7-kvarh-JTVarH,kvarh,Cascade quezaco4,,,
220,C00000008-B003-8-kVA L1-JTVA,kVA,K2M L1 puissance active,,,
221,C00000008-B003-8-kVA L2-JTVA,kVA,K2M L2 puissance active,,,
222,C00000008-B003-8-kVA L3-JTVA,kVA,K2M L3 puissance active,,,
223,C00000008-B003-8-kVA sys-JTVA,kVA,K2M puissance active,,,
224,C00000008-B003-8-kW L1-JTW,kW,K2M L1 puissance,,,
225,C00000008-B003-8-kW L2-JTW,kW,K2M L2 puissance,,,
226,C00000008-B003-8-kW L3-JTW,kW,K2M L3 puissance,,,
227,C00000008-B003-8-kW dmd-JTW,kW,K2M puissance demandée,,,
228,C00000008-B003-8-kW sys-JTW,kW,K2M puissance,,,
229,C00000008-B003-8-kWh (-)-JTWH,kWh,K2M quezaco2,,,
230,C00000008-B003-8-kWh L1-JTWH,kWh,K2M L1 energie,,,
231,C00000008-B003-8-kWh L2-JTWH,kWh,K2M L2 energie,,,
232,C00000008-B003-8-kWh L3-JTWH,kWh,K2M L3 energie,,,
233,C00000008-B003-8-kWh-JTWH,kWh,K2M energie,,,
234,C00000008-B003-8-kvar L1-JTVar,kvar,K2M L1 puissance reactive,,,
235,C00000008-B003-8-kvar L2-JTVar,kvar,K2M L2 puissance reactive,,,
236,C00000008-B003-8-kvar L3-JTVar,kvar,K2M L3 puissance reactive,,,
237,C00000008-B003-8-kvar sys-JTVar,kvar,K2M puissance reactive,,,
238,C00000008-B003-8-kWh (-)-JTWH,kWh,K2M quezaco3,,,
239,C00000008-B003-8-kvarh-JTVarH,kvarh,K2M quezaco4,,,
240,C00000009-A004-9-kVA L1-JTVA,kVA,Locaux sociaux de Sibuet L1 puissance active,,,
241,C00000009-A004-9-kVA L2-JTVA,kVA,Locaux sociaux de Sibuet L2 puissance active,,,
242,C00000009-A004-9-kVA L3-JTVA,kVA,Locaux sociaux de Sibuet L3 puissance active,,,
243,C00000009-A004-9-kVA sys-JTVA,kVA,Locaux sociaux de Sibuet puissance active,,,
244,C00000009-A004-9-kW L1-JTW,kW,Locaux sociaux de Sibuet L1 puissance,,,
245,C00000009-A004-9-kW L2-JTW,kW,Locaux sociaux de Sibuet L2 puissance,,,
246,C00000009-A004-9-kW L3-JTW,kW,Locaux sociaux de Sibuet L3 puissance,,,
247,C00000009-A004-9-kW dmd-JTW,kW,Locaux sociaux de Sibuet puissance demandée,,,
248,C00000009-A004-9-kW sys-JTW,kW,Locaux sociaux de Sibuet puissance,,,
249,C00000009-A004-9-kWh (-)-JTWH,kWh,Locaux sociaux de Sibuet quezaco2,,,
250,C00000009-A004-9-kWh L1-JTWH,kWh,Locaux sociaux de Sibuet L1 energie,,,
251,C00000009-A004-9-kWh L2-JTWH,kWh,Locaux sociaux de Sibuet L2 energie,,,
252,C00000009-A004-9-kWh L3-JTWH,kWh,Locaux sociaux de Sibuet L3 energie,,,
253,C00000009-A004-9-kWh-JTWH,kWh,Locaux sociaux de Sibuet energie,,,
254,C00000009-A004-9-kvar L1-JTVar,kvar,Locaux sociaux de Sibuet L1 puissance reactive,,,
255,C00000009-A004-9-kvar L2-JTVar,kvar,Locaux sociaux de Sibuet L2 puissance reactive,,,
256,C00000009-A004-9-kvar L3-JTVar,kvar,Locaux sociaux de Sibuet L3 puissance reactive,,,
257,C00000009-A004-9-kvar sys-JTVar,kvar,Locaux sociaux de Sibuet puissance reactive,,,
258,C00000009-A004-9-kWh (-)-JTWH,kWh,Locaux sociaux de Sibuet quezaco3,,,
259,C00000009-A004-9-kvarh-JTVarH,kvarh,Locaux sociaux de Sibuet quezaco4,,,
260,C00000010-EM_VIRTUAL-16-kVA L1-JTVA,kVA,Total puissance L1 puissance active,,,
261,C00000010-EM_VIRTUAL-16-kVA L2-JTVA,kVA,Total puissance L2 puissance active,,,
262,C00000010-EM_VIRTUAL-16-kVA L3-JTVA,kVA,Total puissance L3 puissance active,,,
263,C00000010-EM_VIRTUAL-16-kVA sys-JTVA,kVA,Total puissance puissance active,,,
264,C00000010-EM_VIRTUAL-16-kW L1-JTW,kW,Total puissance L1 puissance,,,
265,C00000010-EM_VIRTUAL-16-kW L2-JTW,kW,Total puissance L2 puissance,,,
266,C00000010-EM_VIRTUAL-16-kW L3-JTW,kW,Total puissance L3 puissance,,,
267,C00000010-EM_VIRTUAL-16-kW dmd-JTW,kW,Total puissance puissance demandée,,,
268,C00000010-EM_VIRTUAL-16-kW sys-JTW,kW,Total puissance puissance,,,
269,C00000010-EM_VIRTUAL-16-kWh (-)-JTWH,kWh,Total puissance quezaco2,,,
270,C00000010-EM_VIRTUAL-16-kWh L1-JTWH,kWh,Total puissance L1 energie,,,
271,C00000010-EM_VIRTUAL-16-kWh L2-JTWH,kWh,Total puissance L2 energie,,,
272,C00000010-EM_VIRTUAL-16-kWh L3-JTWH,kWh,Total puissance L3 energie,,,
273,C00000010-EM_VIRTUAL-16-kWh-JTWH,kWh,Total puissance energie,,,
274,C00000010-EM_VIRTUAL-16-kvar L1-JTVar,kvar,Total puissance L1 puissance reactive,,,
275,C00000010-EM_VIRTUAL-16-kvar L2-JTVar,kvar,Total puissance L2 puissance reactive,,,
276,C00000010-EM_VIRTUAL-16-kvar L3-JTVar,kvar,Total puissance L3 puissance reactive,,,
277,C00000010-EM_VIRTUAL-16-kvar sys-JTVar,kvar,Total puissance puissance reactive,,,
278,C00000010-EM_VIRTUAL-16-kWh (-)-JTWH,kWh,Total puissance quezaco3,,,
279,C00000010-EM_VIRTUAL-16-kvarh-JTVarH,kvarh,Total puissance quezaco4,,,
280,C0000000b-D001-11-kVA L1-JTVA,kVA,Clim Sweetair L1 puissance active,,,
281,C0000000b-D001-11-kVA L2-JTVA,kVA,Clim Sweetair L2 puissance active,,,
282,C0000000b-D001-11-kVA L3-JTVA,kVA,Clim Sweetair L3 puissance active,,,
283,C0000000b-D001-11-kVA sys-JTVA,kVA,Clim Sweetair puissance active,,,
284,C0000000b-D001-11-kW L1-JTW,kW,Clim Sweetair L1 puissance,,,
285,C0000000b-D001-11-kW L2-JTW,kW,Clim Sweetair L2 puissance,,,
286,C0000000b-D001-11-kW L3-JTW,kW,Clim Sweetair L3 puissance,,,
287,C0000000b-D001-11-kW dmd-JTW,kW,Clim Sweetair puissance demandée,,,
288,C0000000b-D001-11-kW sys-JTW,kW,Clim Sweetair puissance,,,
289,C0000000b-D001-11-kWh (-)-JTWH,kWh,Clim Sweetair quezaco2,,,
290,C0000000b-D001-11-kWh L1-JTWH,kWh,Clim Sweetair L1 energie,,,
291,C0000000b-D001-11-kWh L2-JTWH,kWh,Clim Sweetair L2 energie,,,
292,C0000000b-D001-11-kWh L3-JTWH,kWh,Clim Sweetair L3 energie,,,
293,C0000000b-D001-11-kWh-JTWH,kWh,Clim Sweetair energie,,,
294,C0000000b-D001-11-kvar L1-JTVar,kvar,Clim Sweetair L1 puissance reactive,,,
295,C0000000b-D001-11-kvar L2-JTVar,kvar,Clim Sweetair L2 puissance reactive,,,
296,C0000000b-D001-11-kvar L3-JTVar,kvar,Clim Sweetair L3 puissance reactive,,,
297,C0000000b-D001-11-kvar sys-JTVar,kvar,Clim Sweetair puissance reactive,,,
298,C0000000b-D001-11-kWh (-)-JTWH,kWh,Clim Sweetair quezaco3,,,
299,C0000000b-D001-11-kvarh-JTVarH,kvarh,Clim Sweetair quezaco4,,,
300,C0000000a-D002-10-kVA L1-JTVA,kVA,RDC aile Chartreuse L1 puissance active,,,
301,C0000000a-D002-10-kVA L2-JTVA,kVA,RDC aile Chartreuse L2 puissance active,,,
302,C0000000a-D002-10-kVA L3-JTVA,kVA,RDC aile Chartreuse L3 puissance active,,,
303,C0000000a-D002-10-kVA sys-JTVA,kVA,RDC aile Chartreuse puissance active,,,
304,C0000000a-D002-10-kW L1-JTW,kW,RDC aile Chartreuse L1 puissance,,,
305,C0000000a-D002-10-kW L2-JTW,kW,RDC aile Chartreuse L2 puissance,,,
306,C0000000a-D002-10-kW L3-JTW,kW,RDC aile Chartreuse L3 puissance,,,
307,C0000000a-D002-10-kW dmd-JTW,kW,RDC aile Chartreuse puissance demandée,,,
308,C0000000a-D002-10-kW sys-JTW,kW,RDC aile Chartreuse puissance,,,
309,C0000000a-D002-10-kWh (-)-JTWH,kWh,RDC aile Chartreuse quezaco2,,,
310,C0000000a-D002-10-kWh L1-JTWH,kWh,RDC aile Chartreuse L1 energie,,,
311,C0000000a-D002-10-kWh L2-JTWH,kWh,RDC aile Chartreuse L2 energie,,,
312,C0000000a-D002-10-kWh L3-JTWH,kWh,RDC aile Chartreuse L3 energie,,,
313,C0000000a-D002-10-kWh-JTWH,kWh,RDC aile Chartreuse energie,,,
314,C0000000a-D002-10-kvar L1-JTVar,kvar,RDC aile Chartreuse L1 puissance reactive,,,
315,C0000000a-D002-10-kvar L2-JTVar,kvar,RDC aile Chartreuse L2 puissance reactive,,,
316,C0000000a-D002-10-kvar L3-JTVar,kvar,RDC aile Chartreuse L3 puissance reactive,,,
317,C0000000a-D002-10-kvar sys-JTVar,kvar,RDC aile Chartreuse puissance reactive,,,
318,C0000000a-D002-10-kWh (-)-JTWH,kWh,RDC aile Chartreuse quezaco3,,,
319,C0000000a-D002-10-kvarh-JTVarH,kvarh,RDC aile Chartreuse quezaco4,,,
320,C00000011-A006-18-kVA L1-JTVA,kVA,Serma L1 puissance active,,,
321,C00000011-A006-18-kVA L2-JTVA,kVA,Serma L2 puissance active,,,
322,C00000011-A006-18-kVA L3-JTVA,kVA,Serma L3 puissance active,,,
323,C00000011-A006-18-kVA sys-JTVA,kVA,Serma puissance active,,,
324,C00000011-A006-18-kW L1-JTW,kW,Serma L1 puissance,,,
325,C00000011-A006-18-kW L2-JTW,kW,Serma L2 puissance,,,
326,C00000011-A006-18-kW L3-JTW,kW,Serma L3 puissance,,,
327,C00000011-A006-18-kW dmd-JTW,kW,Serma puissance demandée,,,
328,C00000011-A006-18-kW sys-JTW,kW,Serma puissance,,,
329,C00000011-A006-18-kWh (-)-JTWH,kWh,Serma quezaco2,,,
330,C00000011-A006-18-kWh L1-JTWH,kWh,Serma L1 energie,,,
331,C00000011-A006-18-kWh L2-JTWH,kWh,Serma L2 energie,,,
332,C00000011-A006-18-kWh L3-JTWH,kWh,Serma L3 energie,,,
333,C00000011-A006-18-kWh-JTWH,kWh,Serma energie,,,
334,C00000011-A006-18-kvar L1-JTVar,kvar,Serma L1 puissance reactive,,,
335,C00000011-A006-18-kvar L2-JTVar,kvar,Serma L2 puissance reactive,,,
336,C00000011-A006-18-kvar L3-JTVar,kvar,Serma L3 puissance reactive,,,
337,C00000011-A006-18-kvar sys-JTVar,kvar,Serma puissance reactive,,,
338,C00000011-A006-18-kWh (-)-JTWH,kWh,Serma quezaco3,,,
339,C00000011-A006-18-kvarh-JTVarH,kvarh,Serma quezaco4,,,
340,C00000016-GENERAL_ADMINISTRATIF-23-kVA L1-JTVA,kVA,zone A-B-C-D L1 puissance active,,,
341,C00000016-GENERAL_ADMINISTRATIF-23-kVA L2-JTVA,kVA,zone A-B-C-D L2 puissance active,,,
342,C00000016-GENERAL_ADMINISTRATIF-23-kVA L3-JTVA,kVA,zone A-B-C-D L3 puissance active,,,
343,C00000016-GENERAL_ADMINISTRATIF-23-kVA sys-JTVA,kVA,zone A-B-C-D puissance active,,,
344,C00000016-GENERAL_ADMINISTRATIF-23-kW L1-JTW,kW,zone A-B-C-D L1 puissance,,,
345,C00000016-GENERAL_ADMINISTRATIF-23-kW L2-JTW,kW,zone A-B-C-D L2 puissance,,,
346,C00000016-GENERAL_ADMINISTRATIF-23-kW L3-JTW,kW,zone A-B-C-D L3 puissance,,,
347,C00000016-GENERAL_ADMINISTRATIF-23-kW dmd-JTW,kW,zone A-B-C-D puissance demandée,,,
348,C00000016-GENERAL_ADMINISTRATIF-23-kW sys-JTW,kW,zone A-B-C-D puissance,,,
349,C00000016-GENERAL_ADMINISTRATIF-23-kWh (-)-JTWH,kWh,zone A-B-C-D quezaco2,,,
350,C00000016-GENERAL_ADMINISTRATIF-23-kWh L1-JTWH,kWh,zone A-B-C-D L1 energie,,,
351,C00000016-GENERAL_ADMINISTRATIF-23-kWh L2-JTWH,kWh,zone A-B-C-D L2 energie,,,
352,C00000016-GENERAL_ADMINISTRATIF-23-kWh L3-JTWH,kWh,zone A-B-C-D L3 energie,,,
353,C00000016-GENERAL_ADMINISTRATIF-23-kWh-JTWH,kWh,zone A-B-C-D energie,,,
354,C00000016-GENERAL_ADMINISTRATIF-23-kvar L1-JTVar,kvar,zone A-B-C-D L1 puissance reactive,,,
355,C00000016-GENERAL_ADMINISTRATIF-23-kvar L2-JTVar,kvar,zone A-B-C-D L2 puissance reactive,,,
356,C00000016-GENERAL_ADMINISTRATIF-23-kvar L3-JTVar,kvar,zone A-B-C-D L3 puissance reactive,,,
357,C00000016-GENERAL_ADMINISTRATIF-23-kvar sys-JTVar,kvar,zone A-B-C-D puissance reactive,,,
358,C00000016-GENERAL_ADMINISTRATIF-23-kWh (-)-JTWH,kWh,zone A-B-C-D quezaco3,,,
359,C00000016-GENERAL_ADMINISTRATIF-23-kvarh-JTVarH,kvarh,zone A-B-C-D quezaco4,,,
360,C00000015-F002-22-kVA L1-JTVA,kVA,Cegelec Vinci L1 puissance active,,,
361,C00000015-F002-22-kVA L2-JTVA,kVA,Cegelec Vinci L2 puissance active,,,
362,C00000015-F002-22-kVA L3-JTVA,kVA,Cegelec Vinci L3 puissance active,,,
363,C00000015-F002-22-kVA sys-JTVA,kVA,Cegelec Vinci puissance active,,,
364,C00000015-F002-22-kW L1-JTW,kW,Cegelec Vinci L1 puissance,,,
365,C00000015-F002-22-kW L2-JTW,kW,Cegelec Vinci L2 puissance,,,
366,C00000015-F002-22-kW L3-JTW,kW,Cegelec Vinci L3 puissance,,,
367,C00000015-F002-22-kW dmd-JTW,kW,Cegelec Vinci puissance demandée,,,
368,C00000015-F002-22-kW sys-JTW,kW,Cegelec Vinci puissance,,,
369,C00000015-F002-22-kWh (-)-JTWH,kWh,Cegelec Vinci quezaco2,,,
370,C00000015-F002-22-kWh L1-JTWH,kWh,Cegelec Vinci L1 energie,,,
371,C00000015-F002-22-kWh L2-JTWH,kWh,Cegelec Vinci L2 energie,,,
372,C00000015-F002-22-kWh L3-JTWH,kWh,Cegelec Vinci L3 energie,,,
373,C00000015-F002-22-kWh-JTWH,kWh,Cegelec Vinci energie,,,
374,C00000015-F002-22-kvar L1-JTVar,kvar,Cegelec Vinci L1 puissance reactive,,,
375,C00000015-F002-22-kvar L2-JTVar,kvar,Cegelec Vinci L2 puissance reactive,,,
376,C00000015-F002-22-kvar L3-JTVar,kvar,Cegelec Vinci L3 puissance reactive,,,
377,C00000015-F002-22-kvar sys-JTVar,kvar,Cegelec Vinci puissance reactive,,,
378,C00000015-F002-22-kWh (-)-JTWH,kWh,Cegelec Vinci quezaco3,,,
379,C00000015-F002-22-kvarh-JTVarH,kvarh,Cegelec Vinci quezaco4,,,
380,C00000014-F001-21-kVA L1-JTVA,kVA,Zone F L1 puissance active,,,
381,C00000014-F001-21-kVA L2-JTVA,kVA,Zone F L2 puissance active,,,
382,C00000014-F001-21-kVA L3-JTVA,kVA,Zone F L3 puissance active,,,
383,C00000014-F001-21-kVA sys-JTVA,kVA,Zone F puissance active,,,
384,C00000014-F001-21-kW L1-JTW,kW,Zone F L1 puissance,,,
385,C00000014-F001-21-kW L2-JTW,kW,Zone F L2 puissance,,,
386,C00000014-F001-21-kW L3-JTW,kW,Zone F L3 puissance,,,
387,C00000014-F001-21-kW dmd-JTW,kW,Zone F puissance demandée,,,
388,C00000014-F001-21-kW sys-JTW,kW,Zone F puissance,,,
389,C00000014-F001-21-kWh (-)-JTWH,kWh,Zone F quezaco2,,,
390,C00000014-F001-21-kWh L1-JTWH,kWh,Zone F L1 energie,,,
391,C00000014-F001-21-kWh L2-JTWH,kWh,Zone F L2 energie,,,
392,C00000014-F001-21-kWh L3-JTWH,kWh,Zone F L3 energie,,,
393,C00000014-F001-21-kWh-JTWH,kWh,Zone F energie,,,
394,C00000014-F001-21-kvar L1-JTVar,kvar,Zone F L1 puissance reactive,,,
395,C00000014-F001-21-kvar L2-JTVar,kvar,Zone F L2 puissance reactive,,,
396,C00000014-F001-21-kvar L3-JTVar,kvar,Zone F L3 puissance reactive,,,
397,C00000014-F001-21-kvar sys-JTVar,kvar,Zone F puissance reactive,,,
398,C00000014-F001-21-kWh (-)-JTWH,kWh,Zone F quezaco3,,,
399,C00000014-F001-21-kvarh-JTVarH,kvarh,Zone F quezaco4,,,
400,C00000012-E001-19-kVA L1-JTVA,kVA,Zone E  L1 puissance active,,,
401,C00000012-E001-19-kVA L2-JTVA,kVA,Zone E  L2 puissance active,,,
402,C00000012-E001-19-kVA L3-JTVA,kVA,Zone E  L3 puissance active,,,
403,C00000012-E001-19-kVA sys-JTVA,kVA,Zone E  puissance active,,,
404,C00000012-E001-19-kW L1-JTW,kW,Zone E  L1 puissance,,,
405,C00000012-E001-19-kW L2-JTW,kW,Zone E  L2 puissance,,,
406,C00000012-E001-19-kW L3-JTW,kW,Zone E  L3 puissance,,,
407,C00000012-E001-19-kW dmd-JTW,kW,Zone E  puissance demandée,,,
408,C00000012-E001-19-kW sys-JTW,kW,Zone E  puissance,,,
409,C00000012-E001-19-kWh (-)-JTWH,kWh,Zone E  quezaco2,,,
410,C00000012-E001-19-kWh L1-JTWH,kWh,Zone E  L1 energie,,,
411,C00000012-E001-19-kWh L2-JTWH,kWh,Zone E  L2 energie,,,
412,C00000012-E001-19-kWh L3-JTWH,kWh,Zone E  L3 energie,,,
413,C00000012-E001-19-kWh-JTWH,kWh,Zone E  energie,,,
414,C00000012-E001-19-kvar L1-JTVar,kvar,Zone E  L1 puissance reactive,,,
415,C00000012-E001-19-kvar L2-JTVar,kvar,Zone E  L2 puissance reactive,,,
416,C00000012-E001-19-kvar L3-JTVar,kvar,Zone E  L3 puissance reactive,,,
417,C00000012-E001-19-kvar sys-JTVar,kvar,Zone E  puissance reactive,,,
418,C00000012-E001-19-kWh (-)-JTWH,kWh,Zone E  quezaco3,,,
419,C00000012-E001-19-kvarh-JTVarH,kvarh,Zone E  quezaco4,,,
420,C00000013-E002-20-kVA L1-JTVA,kVA,Geodis L1 puissance active,,,
421,C00000013-E002-20-kVA L2-JTVA,kVA,Geodis L2 puissance active,,,
422,C00000013-E002-20-kVA L3-JTVA,kVA,Geodis L3 puissance active,,,
423,C00000013-E002-20-kVA sys-JTVA,kVA,Geodis puissance active,,,
424,C00000013-E002-20-kW L1-JTW,kW,Geodis L1 puissance,,,
425,C00000013-E002-20-kW L2-JTW,kW,Geodis L2 puissance,,,
426,C00000013-E002-20-kW L3-JTW,kW,Geodis L3 puissance,,,
427,C00000013-E002-20-kW dmd-JTW,kW,Geodis puissance demandée,,,
428,C00000013-E002-20-kW sys-JTW,kW,Geodis puissance,,,
429,C00000013-E002-20-kWh (-)-JTWH,kWh,Geodis quezaco2,,,
430,C00000013-E002-20-kWh L1-JTWH,kWh,Geodis L1 energie,,,
431,C00000013-E002-20-kWh L2-JTWH,kWh,Geodis L2 energie,,,
432,C00000013-E002-20-kWh L3-JTWH,kWh,Geodis L3 energie,,,
433,C00000013-E002-20-kWh-JTWH,kWh,Geodis energie,,,
434,C00000013-E002-20-kvar L1-JTVar,kvar,Geodis L1 puissance reactive,,,
435,C00000013-E002-20-kvar L2-JTVar,kvar,Geodis L2 puissance reactive,,,
436,C00000013-E002-20-kvar L3-JTVar,kvar,Geodis L3 puissance reactive,,,
437,C00000013-E002-20-kvar sys-JTVar,kvar,Geodis puissance reactive,,,
438,C00000013-E002-20-kWh (-)-JTWH,kWh,Geodis quezaco3,,,
439,C00000013-E002-20-kvarh-JTVarH,kvarh,Geodis quezaco4,,,
440,PV00000001-centrale SLS 80kWc-JTW-00,kW,centrale PV sls 80 kWc puissance PV,,,
441,PV00000001-centrale SLS 80kWc-JTWH-00,kWh,centrale PV sls 80 kWc compteur PV,,,
0,SIS-02-CL-01-XM00,%,Couverture nuageuse,0.0,100.0,INT
11,SIS-02-DP-01-XM00,°C,Point de rosée,-50.0,80.0,INT
22,SIS-02-HU-01-XM00,%,Humité ambiante,0.0,100.0,INT
43,SIS-02-PT-01-XM00,mbara,Pression atmosphérique,800.0,1200.0,INT
44,SIS-02-TT-01-XM00,°C,Température ambiante,-50.0,80.0,INT
